"""Variant name"",""Sequence"""
"""B_graminis_123"",""AACGCACATTGCGCCCCTGGGAATTCCCAGGGACATGCCTGTTCGAGCGTCCGTAACAACCTCTCAAGCCTGGCTTGGTATTGGGACTCGCTGCCTCGGTGGTGGTCCTCAAAAGCAGTGGCGGGCCCATGTAACTCTCCGCGTAGTAATACATCTCGCGACAGAGAAGCAGCGGGACTTGCCAAAACTCCTTAATTGCTCAGGTTGACCTCGAATCAGGTAGGGATACC"""
"""B_graminis_199"",""AACGCACATTGCGCCCCTGGGAATTCCCAGGGGCATGCCTGTTCGAGCGTCCGTAACAACCTCTCAAGCCTGGCTTGGTATTGGGACTCGCTGCCTCGGTGGTGGTCCTCAAAAGCAGTGGCGGGCCCATGTAACTCTCCGCGTAGTAATACATCTCGCGACAGAGAAGCAGCGGGACTTGCCAAAACTCCTTAATTGCTCAGGTTGACCTCGAATCAGGTAGGGATACC"""
"""B_graminis_191"",""AACGCACATTGCGCCCCTGGGAATTCCCAGGGGCATGCCTGTTCGAGCGTCCGTAACAACCTCTCAAGCCTGGCTTGGTATTGGGACTCGCTGCCTCGGTGGTGGTCCTCAAAAGCAGTGGCGGACCCATGTAACTCTCCGCGTAGTAATACATCTCGCGACAGAGAAGCAGCGGGACTTGCCAAAACTCCTTAATTGCTCAGGTTGACCTCGAATCAGGTAGGGATACC"""
"""B_graminis_195"",""AACGCACATTGCGCCCCTGGGAATTCCCAGGGGCATGCCTGTTCGAGCGTCCGTAACAACCTCTCAAGCCTGGCTTGGTATTGGGACTCGCTGCCTCGGTGGTGGTCCTCAAAAGCAGTGGCGGGCCCATGCAACTCTCCGCGTAGTAATACATCTCGCGACAGAGAAGCAGCGGGACTTGCCAAAACTCCTTAATTGCTCAGGTTGACCTCGAATCAGGTAGGGATACC"""
"""B_graminis_149"",""AACGCACATTGCGCCCCTGGGAATTCCCAGGGGCATGCCTGTTCGAGCGTCCGTAACAACCTCTCAAGCCTAGCTTGGTATTGGGACACGCTGCTCTGGCAGCGGTCCTCAAAAGCAGTGGCGGGCCCATGTAACTCTCCGCGTAGTAATACATCTCGCGACAGAGAAGCAGCGGGAATTGCCAAAACTCCTTAATTGCTCAGGTTGACCTCGAATCAGGTAGGGATACC"""
"""B_graminis_158"",""AACGCACATTGCGCCCCTGGGAATTCCCAGGGGCATGCCTGTTCGAGCGTCCGTAACAACCTCTCAAGCCTAGCTTGGTATTGGGACTCGCTGCCCTTGTGGCGGTCCTCAAAAGCAGTGGCGGGACCATGTAACTCTCCGCGTAGTAATACATCTCGCGACAGAGAAGCATTGGGACTTGCCAAAACTCCTTAATTGCTCAGGTTGACCTCGAATCAGGTAGGGATACC"""
"""B_graminis_155"",""AACGCACATTGCGCCCCTGGGAATTCCCAGGGGCATGCCTGTTCGAGCGTCCGTAACAACCTCTCAAGCCTAGCTTGGTATTGGGACTCGCTGCCCTGGTGGCGGTCCTCAAAAGCAGTGGCGAGCCCACGTAACTCTCCGCGTAGTAATTCATCTCGCGACAGAGAAGCAGTGGGAATTGCCAAAACTCCCTTAATTGCTCAGGTTGACCTCGAATCAGGTAGGGATAC"""
"""B_graminis_156"",""AACGCACATTGCGCCCCTGGGAATTCCCAGGGGCATGCCTGTTCGAGCGTCCGTAACAACCTCTCAAGCCTAGCTTGGTATTGGGACTCGCTGCCCTGGTGGCGGTCCTCAAAAGCAGTGGCGGGCCCATGTAACTCTCCGCGTAGTAATACATCTCGCGACAGAGAAGCAGCGGGAATTGCCAAAACTCCTTAATTGCTCAGGTTGACCTCGAATCAGGTAGGGATACC"""
"""B_graminis_163"",""AACGCACATTGCGCCCCTGGGAATTCCCAGGGGCATGCCTGTTCGAGCGTCCGTAACAACCTCTCAAGCCTAGCTTGGTATTGGGACTCGCTGCTCTGGTGGCGGTCCTCAAAAGCAGTGGCGAGCCCACGTAACTCTCCGCGTAGTAATACATCTCGCGACAGAGAAGCAGCGGGAATTGCCAAAACTCCTTAATTGCTCAGGTTGACCTCGAATCAGGTAGGGATACC"""
"""B_graminis_165"",""AACGCACATTGCGCCCCTGGGAATTCCCAGGGGCATGCCTGTTCGAGCGTCCGTAACAACCTCTCAAGCCTAGCTTGGTCTTGGGACACGCTGCCCTGGCGGCGGTCCTTAAAAGCAGTGGCGGGCCTATGTAACTCTCCGCGTAGTAATATATATCTCGCGATAGAGAAGCAGAAGGACTTGCCAAAAATCCTTAATTGCTCAGGTTGACCTCGAATCAGGTAGGGATA"""
"""B_graminis_181"",""AACGCACATTGCGCCCCTGGGAATTCCCAGGGGCATGCCTGTTCGAGCGTCCGTAACAACCTCTCAAGCCTGGCTTGGTATTGGGACTCGCTGCCTCGGTGGCGGTCCTCAAAAGCAGTGGCGGGCCCATGTAACTCTCCGCGTAGTAATACATCTCGCGACAGAGAAGCAGCGGGACTTGCCAAAACTTCTTAATTGCTCAGGTTGACCTCGAATCAGGTAGGGATACC"""
"""B_graminis_198"",""AACGCACATTGCGCCCCTGGGAATTCCCAGGGGCATGCCTGTTCGAGCGTCCGTAACAACCTCTCAAGCCTGGCTTGGTATTGGGACTCGCTGCCTCGGTGGTGGTCCTCAAAAGCAGTGGCGGGCCCATGTAACTCTCCGCGTAGTAATACATCTCGCGACAGAGAAGCAGCGGGACTTGCCAAAACTCCTTAATTGCTCAGGTTGACCTCAAATCAGGTGGGACTACC"""
"""B_graminis_200"",""AACGCACATTGCGCCCCTGGGAATTCCCAGGGGCATGCCTGTTCGAGCGTCCGTAACAACCTCTCAAGCCTGGCTTGGTATTGGGACTCGCTGCCTCGGTGGTGGTCCTCAAAAGCAGTGGCGGGCCCATGTAACTCTCCGCGTAGTAATACATCTCGCGACAGAGAAGCAGCGGGACTTGCCAAAACTCCTTAATTGCTCAGGTTGATCTCGAATCAGGTAGGGATACC"""
"""B_graminis_204"",""AACGCACATTGCGCCCCTGGGAATTCCCAGGGGCATGCCTGTTCGAGCGTCCGTAACAACCTCTCAAGCCTGGCTTGGTATTGGGACTCGCTGCCTCGGTGGTGGTCCTCAAAAGCAGTGGCGGGCCCATGTAACTCTCCGCGTAGTAATTCATCTCGCGACAGAGAAGCAGCGGGACTTGCCAAAACTCCTTAATTGCTCAGGTTGACCTCGAATCAGGTAGGGATACC"""
"""B_graminis_211"",""AACGCACATTGCGCCCCTGGGAATTCCCAGGGGCATGCCTGTTCGAGCGTCCGTAACAACCTCTCAAGCCTGGCTTGGTATTGGGACTCGCTGCCTCGGTGGTGGTCCTCAAAAGCAGTGGCGGGTCCATGTAACTCTCCGCGTAGTAATACATCTCGCGACAGAGAAGCAGCGGGACTTGCCAAAACTCCTTAATTGCTCAGGTTGACCTCGAATCAGGTAGGGATACC"""
"""B_graminis_226"",""AACGCACATTGCGCCCCTGGGAATTCCCAGGGGCATGCCTGTTCGAGCGTCCGTAACAACCTCTCAAGCCTGGCTTGGTCTTGGGACACGCTGCTCTAGCGGCGGTCCTTAAAAGCAGTGGCGGGCCTATGTAACTCTCCGCGTAGTAATATACATCTCGCGATAGAGAAGCAGAAGGACTTGCCAAAAATCCTTAATTGCTCAGGTTGACCTCGAATCAGGTAGGGATA"""
"""B_graminis_230"",""AACGCACATTGCGCCCCTGGGAATTCCCAGGGGCATGCCTGTTCGAGCGTCCGTAACAACCTCTCAAGTCTGGCTTGGTATTGGGACTCGCTGCCTCGGTGGTGGTCCTCAAAAGCAGTGGCGGGCCCATGTAACTCTCCGCGTAGTAATACATCTCGCGACAGAGAAGCAGCGGGACTTGCCAAAACTCCTTAATTGCTCAGGTTGACCTCGAATCAGGTAGGGATACC"""
"""B_graminis_257"",""AACGCACATTGCGCCCCTGGGAATTCCCAGGGGCATGTCTGTTCGAGCGTCCGTAACAACCTCTCAAGCCTGGCTTGGTATTGGGACTCGCTGCCTCGGTGGTGGTCCTCAAAAGCAGTGGCGGGCCCATGTAACTCTCCGCGTAGTAATACATCTCGCGACAGAGAAGCAGCGGGACTTGCCAAAACTCCTTAATTGCTCAGGTTGACCTCGAATCAGGTAGGGATACC"""
"""B_graminis_263"",""AACGCACATTGCGCCCCTGGGAATTCCCAGGGGTATGCCTGTTCGAGCGTCCGTAACAACCTCTCAAGCCTGGCTTGGTATTGGGACTCGCTGCCTCGGTGGTGGTCCTCAAAAGCAGTGGCGGGCCCATGTAACTCTCCGCGTAGTAATACATCTCGCGACAGAGAAGCAGCGGGACTTGCCAAAACTCCTTAATTGCTCAGGTTGACCTCGAATCAGGTAGGGATACC"""
"""B_graminis_294"",""AACGCACATTGCGCCCCTTGGCATTCCGAGGGGCATGCCTGTTCGAGCGTCATTACAACCTCTCAAGCCTAGCTTGGTCTTGGGACACGCTGCTCCGGTGGCAGTCCTCAAAGGCAGTGGCGGGCTCATGTAACTCTCCGCGTAGTAATACATCTCGCGACAGAGAAGCATTGGGACTTGCCAGAAATCCTTCATTGCTCAGGTTGACCTCGAATCAGGTAGGGATACCC"""
"""B_graminis_296"",""AACGCACATTGCGCCCCTTGGCATTCCGAGGGGCATGCCTGTTCGAGCGTCATTACAACCTCTCAAGCCTAGCTTGGTCTTGGGACACGCTGCTCCGGTGGCGGTCCTCAAAGGCAGTGGCGGGCTCATGTAACTCTCCGCGTAGTAATACATCTCGCGACAGAGAAGCATTGGGACTTGCCAGAAATCCTTCATTGCTCAGGTTGACCTCGAATCAGGTAGGGATACCC"""
"""B_graminis_320"",""AACGCACATTGCGCTCCTGGGAATTCCCAGGGGCATGCCTGTTCGAGCGTCCGTAACAACCTCTCAAGCCTGGCTTGGTATTGGGACTCGCTGCCTCGGTGGTGGTCCTCAAAAGCAGTGGCGGGCCCATGTAACTCTCCGCGTAGTAATACATCTCGCGACAGAGAAGCAGCGGGACTTGCCAAAACTCCTTAATTGCTCAGGTTGACCTCGAATCAGGTAGGGATACC"""
"""B_graminis_334"",""AACGCACATTGCGTCCCTGGGAATTCCCAGGGGCATGCCTGTTCGAGCGTCCGTAACAACCTCTCAAGCCTGGCTTGGTATTGGGACTCGCTGCCTCGGTGGTGGTCCTCAAAAGCAGTGGCGGGCCCATGTAACTCTCCGCGTAGTAATACATCTCGCGACAGAGAAGCAGCGGGACTTGCCAAAACTCCTTAATTGCTCAGGTTGACCTCGAATCAGGTAGGGATACC"""
